age,fnlwgt,educational_num,capital_gain,capital_loss,hours_per_week
48842.0,48842.0,48842.0,48842.0,48842.0,48842.0
38.64358543876172,189664.13459727284,10.078088530363212,1079.0676262233324,87.50231358257237,40.422382375824085
13.710509934443557,105604.02542315728,2.5709727555922566,7452.019057655394,403.00455212435907,12.391444024252307
17.0,12285.0,1.0,0.0,0.0,1.0
28.0,117550.5,9.0,0.0,0.0,40.0
37.0,178144.5,10.0,0.0,0.0,40.0
48.0,237642.0,12.0,0.0,0.0,45.0
90.0,1490400.0,16.0,99999.0,4356.0,99.0
