index,input1,input2,input3,input4,input5,input6,input7,input8,input9,input10,input11,input12,input13,input14,input15,input16
10992.0,10992.0,10992.0,10992.0,10992.0,10992.0,10992.0,10992.0,10992.0,10992.0,10992.0,10992.0,10992.0,10992.0,10992.0,10992.0,10992.0
5495.5,38.814319505094616,85.12026928675401,40.60562227074236,83.77419941775837,49.77037845705968,65.57314410480349,51.220251091703055,44.49899927219796,56.86854075691412,33.69596069868996,60.51637554585153,34.82651018922853,55.02228893740902,34.93704512372635,47.28748180494905,28.845342066957787
3173.261413750843,34.257782642188744,16.21857067549339,26.34298414079621,19.16364638637029,34.1005145803315,26.996687646036836,30.57688117020597,29.90610360975293,34.135529545394945,27.251548283971424,37.28808567260141,27.119981891404134,22.33553920226165,33.155463004909635,41.76039983312199,35.77809351251423
0.0,0.0,0.0,0.0,0.0,0.0,0.0,0.0,0.0,0.0,0.0,0.0,0.0,0.0,0.0,0.0,0.0
2747.75,6.0,76.0,20.0,72.0,18.0,49.0,28.0,23.0,29.0,7.0,23.0,11.0,42.0,5.0,0.0,0.0
5495.5,32.0,89.0,40.0,91.0,53.0,71.0,53.5,43.0,60.0,33.0,73.0,30.0,53.0,27.0,40.0,9.0
8243.25,65.0,100.0,58.0,100.0,78.0,86.0,74.0,64.0,89.0,54.0,97.0,55.0,68.0,47.0,100.0,51.0
10991.0,100.0,100.0,100.0,100.0,100.0,100.0,100.0,100.0,100.0,100.0,100.0,100.0,100.0,100.0,100.0,100.0
