fixed_acidity,volatile_acidity,citric_acid,residual_sugar,chlorides,free_sulfur_dioxide,total_sulfur_dioxide,density,ph,sulphates,alcohol
4898.0,4898.0,4898.0,4898.0,4898.0,4898.0,4898.0,4898.0,4898.0,4898.0,4898.0
6.854787668436097,0.27824111882400976,0.33419150673744386,6.391414863209474,0.04577235606369946,35.30808493262556,138.36065741118824,0.9940273764801959,3.1882666394446715,0.48984687627603113,10.514267047774602
0.843868227687513,0.10079454842486534,0.12101980420298249,5.072057784014881,0.021847968093728798,17.00713732523259,42.49806455414291,0.0029909069169369337,0.1510005996150668,0.1141258339488323,1.230620567757318
3.8,0.08,0.0,0.6,0.009,2.0,9.0,0.98711,2.72,0.22,8.0
6.3,0.21,0.27,1.7,0.036,23.0,108.0,0.9917225000000001,3.09,0.41,9.5
6.8,0.26,0.32,5.2,0.043,34.0,134.0,0.99374,3.18,0.47,10.4
7.3,0.32,0.39,9.9,0.05,46.0,167.0,0.9961,3.28,0.55,11.4
14.2,1.1,1.66,65.8,0.346,289.0,440.0,1.03898,3.82,1.08,14.2
