sd_front,sd_left,sd_right,sd_back
5456.0,5456.0,5456.0,5456.0
1.2903068181818182,0.6812692448680352,1.8818187316715544,1.2736887829912025
0.6266995640726631,0.3425942317142871,0.5625326977726353,0.8217503925823032
0.495,0.34,0.836,0.367
0.826,0.495,1.472,0.788
1.0895000000000001,0.612,1.753,1.0665
1.5194999999999999,0.753,2.139,1.4004999999999999
5.0,5.0,5.0,5.0
