age,juv_fel_count,juv_misd_count,juv_other_count,priors_count,c_days_from_compas,start,end,event
4732.0,4732.0,4732.0,4732.0,4732.0,4732.0,4732.0,4732.0,4732.0
35.98372781065089,0.045435333896872356,0.07100591715976332,0.08093829247675402,2.6834319526627217,72.69125105663568,9.099957734573119,730.3579881656805,0.16441251056635672
12.192909248491992,0.421176750109047,0.40659902513978646,0.46930752469285425,4.086979212538521,385.6944763795022,36.90755708558468,365.37628949477966,0.37068865023507214
18.0,0.0,0.0,0.0,0.0,0.0,0.0,1.0,0.0
26.0,0.0,0.0,0.0,0.0,1.0,0.0,423.75,0.0
33.0,0.0,0.0,0.0,1.0,1.0,0.0,837.0,0.0
44.0,0.0,0.0,0.0,3.0,2.0,1.0,1039.0,0.0
83.0,20.0,8.0,17.0,38.0,9485.0,672.0,1186.0,1.0
